-- MySQL Script generated by MySQL Workbench
-- Sun Mar 20 01:26:40 2016
-- Model: New Model    Version: 1.0
-- MySQL Workbench Forward Engineering

SET @OLD_UNIQUE_CHECKS=@@UNIQUE_CHECKS, UNIQUE_CHECKS=0;
SET @OLD_FOREIGN_KEY_CHECKS=@@FOREIGN_KEY_CHECKS, FOREIGN_KEY_CHECKS=0;
SET @OLD_SQL_MODE=@@SQL_MODE, SQL_MODE='TRADITIONAL,ALLOW_INVALID_DATES';

-- -----------------------------------------------------
-- Schema mydb2
-- -----------------------------------------------------

-- -----------------------------------------------------
-- Schema mydb2
-- -----------------------------------------------------
CREATE SCHEMA IF NOT EXISTS `mydb2` DEFAULT CHARACTER SET utf8 ;
USE `mydb2` ;

-- -----------------------------------------------------
-- Table `mydb2`.`User`
-- -----------------------------------------------------
CREATE TABLE IF NOT EXISTS `mydb2`.`User` (
  `idUser` INT NOT NULL AUTO_INCREMENT,
  `alias` VARCHAR(45) NOT NULL,
  `is_owner` TINYINT(1) NOT NULL DEFAULT 0,
  `is_eater` TINYINT(1) NOT NULL DEFAULT 1,
  PRIMARY KEY (`idUser`))
ENGINE = InnoDB;


-- -----------------------------------------------------
-- Table `mydb2`.`Owner`
-- -----------------------------------------------------
CREATE TABLE IF NOT EXISTS `mydb2`.`Owner` (
  `User_idUser` INT NOT NULL,
  PRIMARY KEY (`User_idUser`),
  CONSTRAINT `fk_owner_user1`
    FOREIGN KEY (`User_idUser`)
    REFERENCES `mydb2`.`User` (`idUser`)
    ON DELETE NO ACTION
    ON UPDATE NO ACTION)
ENGINE = InnoDB;


-- -----------------------------------------------------
-- Table `mydb2`.`Restaurant`
-- -----------------------------------------------------
CREATE TABLE IF NOT EXISTS `mydb2`.`Restaurant` (
  `idRestaurant` INT NOT NULL AUTO_INCREMENT,
  `name` VARCHAR(45) NOT NULL,
  `phoneNo` INT NULL,
  `street` VARCHAR(45) NOT NULL,
  `suburb` VARCHAR(45) NOT NULL,
  `city` VARCHAR(45) NOT NULL,
  `owner_user_idUser` INT NOT NULL,
  `num_going` INT NOT NULL DEFAULT 0,
  `num_considering` INT NOT NULL DEFAULT 0,
  `num_discount` INT NULL,
  PRIMARY KEY (`idRestaurant`),
  INDEX `fk_restaurant_owner1_idx` (`owner_user_idUser` ASC),
  CONSTRAINT `fk_restaurant_owner1`
    FOREIGN KEY (`owner_user_idUser`)
    REFERENCES `mydb2`.`Owner` (`User_idUser`)
    ON DELETE NO ACTION
    ON UPDATE NO ACTION)
ENGINE = InnoDB;


-- -----------------------------------------------------
-- Table `mydb2`.`Eater`
-- -----------------------------------------------------
CREATE TABLE IF NOT EXISTS `mydb2`.`Eater` (
  `User_idUser` INT NOT NULL,
  PRIMARY KEY (`User_idUser`),
  CONSTRAINT `fk_Eater_User`
    FOREIGN KEY (`User_idUser`)
    REFERENCES `mydb2`.`User` (`idUser`)
    ON DELETE NO ACTION
    ON UPDATE NO ACTION)
ENGINE = InnoDB;


-- -----------------------------------------------------
-- Table `mydb2`.`GroupChat`
-- -----------------------------------------------------
CREATE TABLE IF NOT EXISTS `mydb2`.`GroupChat` (
  `idGroupChat` INT NOT NULL AUTO_INCREMENT,
  `restaurant_idRestaurant` INT NOT NULL,
  PRIMARY KEY (`idGroupChat`),
  INDEX `fk_GroupChat_restaurant1_idx` (`restaurant_idRestaurant` ASC),
  CONSTRAINT `fk_GroupChat_restaurant1`
    FOREIGN KEY (`restaurant_idRestaurant`)
    REFERENCES `mydb2`.`Restaurant` (`idRestaurant`)
    ON DELETE NO ACTION
    ON UPDATE NO ACTION)
ENGINE = InnoDB;


-- -----------------------------------------------------
-- Table `mydb2`.`Message`
-- -----------------------------------------------------
CREATE TABLE IF NOT EXISTS `mydb2`.`Message` (
  `GroupChat_idGroupChat` INT NOT NULL,
  `idMessage` INT NOT NULL AUTO_INCREMENT,
  `content` VARCHAR(300) NOT NULL,
  `time_sent` INT NULL,
  `idSender` INT NOT NULL,
  INDEX `fk_Message_GroupChat1_idx` (`GroupChat_idGroupChat` ASC),
  PRIMARY KEY (`idMessage`),
  INDEX `fk_Message_User1_idx` (`idSender` ASC),
  CONSTRAINT `fk_Message_GroupChat1`
    FOREIGN KEY (`GroupChat_idGroupChat`)
    REFERENCES `mydb2`.`GroupChat` (`idGroupChat`)
    ON DELETE NO ACTION
    ON UPDATE NO ACTION,
  CONSTRAINT `fk_Message_User1`
    FOREIGN KEY (`idSender`)
    REFERENCES `mydb2`.`User` (`idUser`)
    ON DELETE NO ACTION
    ON UPDATE NO ACTION)
ENGINE = InnoDB;


-- -----------------------------------------------------
-- Table `mydb2`.`EaterRestaurant`
-- -----------------------------------------------------
CREATE TABLE IF NOT EXISTS `mydb2`.`EaterRestaurant` (
  `idEaterRestaurant` INT NOT NULL AUTO_INCREMENT,
  `Eater_user_idUser` INT NOT NULL,
  `Restaurant_idRestaurant` INT NOT NULL,
  `been_to` TINYINT(1) NOT NULL DEFAULT 0,
  `going_considering` ENUM('G', 'C', 'N') NOT NULL DEFAULT 'N',
  PRIMARY KEY (`idEaterRestaurant`),
  INDEX `fk_EaterRestaurant_Eater1_idx` (`Eater_user_idUser` ASC),
  INDEX `fk_EaterRestaurant_Restaurant1_idx` (`Restaurant_idRestaurant` ASC),
  CONSTRAINT `fk_EaterRestaurant_Eater1`
    FOREIGN KEY (`Eater_user_idUser`)
    REFERENCES `mydb2`.`Eater` (`User_idUser`)
    ON DELETE NO ACTION
    ON UPDATE NO ACTION,
  CONSTRAINT `fk_EaterRestaurant_Restaurant1`
    FOREIGN KEY (`Restaurant_idRestaurant`)
    REFERENCES `mydb2`.`Restaurant` (`idRestaurant`)
    ON DELETE NO ACTION
    ON UPDATE NO ACTION)
ENGINE = InnoDB;


-- -----------------------------------------------------
-- Table `mydb2`.`UserGroupChat`
-- -----------------------------------------------------
CREATE TABLE IF NOT EXISTS `mydb2`.`UserGroupChat` (
  `idUserGroupChat` INT NOT NULL AUTO_INCREMENT,
  `GroupChat_idGroupChat` INT NOT NULL,
  `User_idUser` INT NOT NULL,
  PRIMARY KEY (`idUserGroupChat`),
  INDEX `fk_UserGroupChat_GroupChat1_idx` (`GroupChat_idGroupChat` ASC),
  INDEX `fk_UserGroupChat_User1_idx` (`User_idUser` ASC),
  CONSTRAINT `fk_UserGroupChat_GroupChat1`
    FOREIGN KEY (`GroupChat_idGroupChat`)
    REFERENCES `mydb2`.`GroupChat` (`idGroupChat`)
    ON DELETE NO ACTION
    ON UPDATE NO ACTION,
  CONSTRAINT `fk_UserGroupChat_User1`
    FOREIGN KEY (`User_idUser`)
    REFERENCES `mydb2`.`User` (`idUser`)
    ON DELETE NO ACTION
    ON UPDATE NO ACTION)
ENGINE = InnoDB;


-- -----------------------------------------------------
-- Table `mydb2`.`UserMessage`
-- -----------------------------------------------------
CREATE TABLE IF NOT EXISTS `mydb2`.`UserMessage` (
  `idUserMessage` INT NOT NULL AUTO_INCREMENT,
  `Message_idMessage` INT NOT NULL,
  `UserGroupChat_idUserGroupChat` INT NOT NULL,
  `has_read` TINYINT(1) NOT NULL DEFAULT 0,
  PRIMARY KEY (`idUserMessage`),
  INDEX `fk_UserMessage_Message1_idx` (`Message_idMessage` ASC),
  INDEX `fk_UserMessage_UserGroupChat1_idx` (`UserGroupChat_idUserGroupChat` ASC),
  CONSTRAINT `fk_UserMessage_Message1`
    FOREIGN KEY (`Message_idMessage`)
    REFERENCES `mydb2`.`Message` (`idMessage`)
    ON DELETE NO ACTION
    ON UPDATE NO ACTION,
  CONSTRAINT `fk_UserMessage_UserGroupChat1`
    FOREIGN KEY (`UserGroupChat_idUserGroupChat`)
    REFERENCES `mydb2`.`UserGroupChat` (`idUserGroupChat`)
    ON DELETE NO ACTION
    ON UPDATE NO ACTION)
ENGINE = InnoDB;


SET SQL_MODE=@OLD_SQL_MODE;
SET FOREIGN_KEY_CHECKS=@OLD_FOREIGN_KEY_CHECKS;
SET UNIQUE_CHECKS=@OLD_UNIQUE_CHECKS;

-- -----------------------------------------------------
-- Data for table `mydb2`.`User`
-- -----------------------------------------------------
START TRANSACTION;
USE `mydb2`;
INSERT INTO `mydb2`.`User` (`idUser`, `alias`, `is_owner`, `is_eater`) VALUES (1, 'test', true, false);
INSERT INTO `mydb2`.`User` (`idUser`, `alias`, `is_owner`, `is_eater`) VALUES (2, 'test1', false, true);
INSERT INTO `mydb2`.`User` (`idUser`, `alias`, `is_owner`, `is_eater`) VALUES (3, 'test2', false, true);
INSERT INTO `mydb2`.`User` (`idUser`, `alias`, `is_owner`, `is_eater`) VALUES (4, 'test3', false, true);
INSERT INTO `mydb2`.`User` (`idUser`, `alias`, `is_owner`, `is_eater`) VALUES (5, 'fengfengfeng', false, true);
INSERT INTO `mydb2`.`User` (`idUser`, `alias`, `is_owner`, `is_eater`) VALUES (6, 'shabi', false, true);

COMMIT;


-- -----------------------------------------------------
-- Data for table `mydb2`.`Owner`
-- -----------------------------------------------------
START TRANSACTION;
USE `mydb2`;
INSERT INTO `mydb2`.`Owner` (`User_idUser`) VALUES (1);

COMMIT;


-- -----------------------------------------------------
-- Data for table `mydb2`.`Restaurant`
-- -----------------------------------------------------
START TRANSACTION;
USE `mydb2`;
INSERT INTO `mydb2`.`Restaurant` (`idRestaurant`, `name`, `phoneNo`, `street`, `suburb`, `city`, `owner_user_idUser`, `num_going`, `num_considering`, `num_discount`) VALUES (1, 'testtest', 123456, '01 test street', 'test', 'melb', 1, 0, 0, NULL);

COMMIT;


-- -----------------------------------------------------
-- Data for table `mydb2`.`Eater`
-- -----------------------------------------------------
START TRANSACTION;
USE `mydb2`;
INSERT INTO `mydb2`.`Eater` (`User_idUser`) VALUES (2);
INSERT INTO `mydb2`.`Eater` (`User_idUser`) VALUES (3);
INSERT INTO `mydb2`.`Eater` (`User_idUser`) VALUES (4);
INSERT INTO `mydb2`.`Eater` (`User_idUser`) VALUES (5);
INSERT INTO `mydb2`.`Eater` (`User_idUser`) VALUES (6);

COMMIT;


-- -----------------------------------------------------
-- Data for table `mydb2`.`GroupChat`
-- -----------------------------------------------------
START TRANSACTION;
USE `mydb2`;
INSERT INTO `mydb2`.`GroupChat` (`idGroupChat`, `restaurant_idRestaurant`) VALUES (1, 1);

COMMIT;


-- -----------------------------------------------------
-- Data for table `mydb2`.`Message`
-- -----------------------------------------------------
START TRANSACTION;
USE `mydb2`;
INSERT INTO `mydb2`.`Message` (`GroupChat_idGroupChat`, `idMessage`, `content`, `time_sent`, `idSender`) VALUES (1, 1, 'Welcome', 1, 1);

COMMIT;


-- -----------------------------------------------------
-- Data for table `mydb2`.`EaterRestaurant`
-- -----------------------------------------------------
START TRANSACTION;
USE `mydb2`;
INSERT INTO `mydb2`.`EaterRestaurant` (`idEaterRestaurant`, `Eater_user_idUser`, `Restaurant_idRestaurant`, `been_to`, `going_considering`) VALUES (1, 2, 1, false, 'G');
INSERT INTO `mydb2`.`EaterRestaurant` (`idEaterRestaurant`, `Eater_user_idUser`, `Restaurant_idRestaurant`, `been_to`, `going_considering`) VALUES (2, 3, 1, true, 'C');
INSERT INTO `mydb2`.`EaterRestaurant` (`idEaterRestaurant`, `Eater_user_idUser`, `Restaurant_idRestaurant`, `been_to`, `going_considering`) VALUES (3, 4, 1, false, 'C');
INSERT INTO `mydb2`.`EaterRestaurant` (`idEaterRestaurant`, `Eater_user_idUser`, `Restaurant_idRestaurant`, `been_to`, `going_considering`) VALUES (4, 5, 1, true, 'G');
INSERT INTO `mydb2`.`EaterRestaurant` (`idEaterRestaurant`, `Eater_user_idUser`, `Restaurant_idRestaurant`, `been_to`, `going_considering`) VALUES (5, 6, 1, false, 'C');

COMMIT;


-- -----------------------------------------------------
-- Data for table `mydb2`.`UserGroupChat`
-- -----------------------------------------------------
START TRANSACTION;
USE `mydb2`;
INSERT INTO `mydb2`.`UserGroupChat` (`idUserGroupChat`, `GroupChat_idGroupChat`, `User_idUser`) VALUES (1, 1, 1);
INSERT INTO `mydb2`.`UserGroupChat` (`idUserGroupChat`, `GroupChat_idGroupChat`, `User_idUser`) VALUES (2, 1, 2);
INSERT INTO `mydb2`.`UserGroupChat` (`idUserGroupChat`, `GroupChat_idGroupChat`, `User_idUser`) VALUES (3, 1, DEFAULT);

COMMIT;


-- -----------------------------------------------------
-- Data for table `mydb2`.`UserMessage`
-- -----------------------------------------------------
START TRANSACTION;
USE `mydb2`;
INSERT INTO `mydb2`.`UserMessage` (`idUserMessage`, `Message_idMessage`, `UserGroupChat_idUserGroupChat`, `has_read`) VALUES (1, 1, 1, true);

COMMIT;

